date,id
2019-07-25 00:00:00+00:00,6
2019-07-26 00:00:00+00:00,4
2019-07-27 00:00:00+00:00,3
2019-07-28 00:00:00+00:00,0
2019-07-29 00:00:00+00:00,6
2019-07-30 00:00:00+00:00,7
2019-07-31 00:00:00+00:00,4
2019-08-01 00:00:00+00:00,1
2019-08-02 00:00:00+00:00,0
2019-08-03 00:00:00+00:00,0
2019-08-04 00:00:00+00:00,0
2019-08-05 00:00:00+00:00,3
2019-08-06 00:00:00+00:00,0
2019-08-07 00:00:00+00:00,40
2019-08-08 00:00:00+00:00,38
2019-08-09 00:00:00+00:00,0
2019-08-10 00:00:00+00:00,3
2019-08-11 00:00:00+00:00,0
2019-08-12 00:00:00+00:00,4
2019-08-13 00:00:00+00:00,5
2019-08-14 00:00:00+00:00,7
2019-08-15 00:00:00+00:00,11
2019-08-16 00:00:00+00:00,9
2019-08-17 00:00:00+00:00,3
2019-08-18 00:00:00+00:00,3
2019-08-19 00:00:00+00:00,2
2019-08-20 00:00:00+00:00,1
2019-08-21 00:00:00+00:00,3
2019-08-22 00:00:00+00:00,3
2019-08-23 00:00:00+00:00,6
2019-08-24 00:00:00+00:00,26
2019-08-25 00:00:00+00:00,12
2019-08-26 00:00:00+00:00,33
2019-08-27 00:00:00+00:00,16
2019-08-28 00:00:00+00:00,76
2019-08-29 00:00:00+00:00,11
2019-08-30 00:00:00+00:00,2
2019-08-31 00:00:00+00:00,2
2019-09-01 00:00:00+00:00,1
2019-09-02 00:00:00+00:00,3
2019-09-03 00:00:00+00:00,2
2019-09-04 00:00:00+00:00,1
2019-09-05 00:00:00+00:00,1
2019-09-06 00:00:00+00:00,2
2019-09-07 00:00:00+00:00,6
2019-09-08 00:00:00+00:00,5
2019-09-09 00:00:00+00:00,2
2019-09-10 00:00:00+00:00,0
2019-09-11 00:00:00+00:00,0
2019-09-12 00:00:00+00:00,2
2019-09-13 00:00:00+00:00,7
2019-09-14 00:00:00+00:00,8
2019-09-15 00:00:00+00:00,5
2019-09-16 00:00:00+00:00,1
2019-09-17 00:00:00+00:00,1
2019-09-18 00:00:00+00:00,2
2019-09-19 00:00:00+00:00,4
2019-09-20 00:00:00+00:00,2
2019-09-21 00:00:00+00:00,4
2019-09-22 00:00:00+00:00,2
2019-09-23 00:00:00+00:00,1
2019-09-24 00:00:00+00:00,2
2019-09-25 00:00:00+00:00,2
2019-09-26 00:00:00+00:00,17
2019-09-27 00:00:00+00:00,3
2019-09-28 00:00:00+00:00,2
2019-09-29 00:00:00+00:00,0
2019-09-30 00:00:00+00:00,6
2019-10-01 00:00:00+00:00,0
2019-10-02 00:00:00+00:00,1
2019-10-03 00:00:00+00:00,3
2019-10-04 00:00:00+00:00,526
2019-10-05 00:00:00+00:00,182
2019-10-06 00:00:00+00:00,0
2019-10-07 00:00:00+00:00,11
2019-10-08 00:00:00+00:00,11
2019-10-09 00:00:00+00:00,2
2019-10-10 00:00:00+00:00,80
2019-10-11 00:00:00+00:00,19
2019-10-12 00:00:00+00:00,18
2019-10-13 00:00:00+00:00,10
2019-10-14 00:00:00+00:00,10
2019-10-15 00:00:00+00:00,14
2019-10-16 00:00:00+00:00,1
2019-10-17 00:00:00+00:00,3
2019-10-18 00:00:00+00:00,17
2019-10-19 00:00:00+00:00,6
2019-10-20 00:00:00+00:00,3
2019-10-21 00:00:00+00:00,0
2019-10-22 00:00:00+00:00,5
2019-10-23 00:00:00+00:00,0
2019-10-24 00:00:00+00:00,2
2019-10-25 00:00:00+00:00,9
2019-10-26 00:00:00+00:00,6
2019-10-27 00:00:00+00:00,17
2019-10-28 00:00:00+00:00,161
2019-10-29 00:00:00+00:00,7
2019-10-30 00:00:00+00:00,5
2019-10-31 00:00:00+00:00,3
2019-11-01 00:00:00+00:00,4
2019-11-02 00:00:00+00:00,14
2019-11-03 00:00:00+00:00,4
2019-11-04 00:00:00+00:00,0
2019-11-05 00:00:00+00:00,0
2019-11-06 00:00:00+00:00,2
2019-11-07 00:00:00+00:00,143
2019-11-08 00:00:00+00:00,0
2019-11-09 00:00:00+00:00,14
2019-11-10 00:00:00+00:00,14
2019-11-11 00:00:00+00:00,140
2019-11-12 00:00:00+00:00,8
2019-11-13 00:00:00+00:00,3
2019-11-14 00:00:00+00:00,3
2019-11-15 00:00:00+00:00,1
2019-11-16 00:00:00+00:00,5
2019-11-17 00:00:00+00:00,3
2019-11-18 00:00:00+00:00,1
2019-11-19 00:00:00+00:00,18
2019-11-20 00:00:00+00:00,3
2019-11-21 00:00:00+00:00,1
2019-11-22 00:00:00+00:00,2
2019-11-23 00:00:00+00:00,2
2019-11-24 00:00:00+00:00,3
2019-11-25 00:00:00+00:00,1
2019-11-26 00:00:00+00:00,0
2019-11-27 00:00:00+00:00,3
2019-11-28 00:00:00+00:00,0
2019-11-29 00:00:00+00:00,4
2019-11-30 00:00:00+00:00,2
2019-12-01 00:00:00+00:00,2
2019-12-02 00:00:00+00:00,10
2019-12-03 00:00:00+00:00,5
2019-12-04 00:00:00+00:00,0
2019-12-05 00:00:00+00:00,1
2019-12-06 00:00:00+00:00,0
2019-12-07 00:00:00+00:00,0
2019-12-08 00:00:00+00:00,6
2019-12-09 00:00:00+00:00,0
2019-12-10 00:00:00+00:00,66
2019-12-11 00:00:00+00:00,44
2019-12-12 00:00:00+00:00,17
2019-12-13 00:00:00+00:00,19
2019-12-14 00:00:00+00:00,17
2019-12-15 00:00:00+00:00,7
2019-12-16 00:00:00+00:00,19
2019-12-17 00:00:00+00:00,24
2019-12-18 00:00:00+00:00,9
2019-12-19 00:00:00+00:00,7
2019-12-20 00:00:00+00:00,3
2019-12-21 00:00:00+00:00,0
2019-12-22 00:00:00+00:00,0
2019-12-23 00:00:00+00:00,0
2019-12-24 00:00:00+00:00,2
2019-12-25 00:00:00+00:00,72
2019-12-26 00:00:00+00:00,140
2019-12-27 00:00:00+00:00,26
2019-12-28 00:00:00+00:00,14
2019-12-29 00:00:00+00:00,12
2019-12-30 00:00:00+00:00,10
2019-12-31 00:00:00+00:00,6
2020-01-01 00:00:00+00:00,1
2020-01-02 00:00:00+00:00,1
2020-01-03 00:00:00+00:00,5
2020-01-04 00:00:00+00:00,0
2020-01-05 00:00:00+00:00,6
2020-01-06 00:00:00+00:00,6
2020-01-07 00:00:00+00:00,5
2020-01-08 00:00:00+00:00,1
2020-01-09 00:00:00+00:00,1
2020-01-10 00:00:00+00:00,3
2020-01-11 00:00:00+00:00,4
2020-01-12 00:00:00+00:00,32
2020-01-13 00:00:00+00:00,52
2020-01-14 00:00:00+00:00,39
2020-01-15 00:00:00+00:00,57
2020-01-16 00:00:00+00:00,16
2020-01-17 00:00:00+00:00,7
2020-01-18 00:00:00+00:00,25
2020-01-19 00:00:00+00:00,11
2020-01-20 00:00:00+00:00,3
2020-01-21 00:00:00+00:00,8
2020-01-22 00:00:00+00:00,7
2020-01-23 00:00:00+00:00,23
2020-01-24 00:00:00+00:00,8
2020-01-25 00:00:00+00:00,2
2020-01-26 00:00:00+00:00,28
2020-01-27 00:00:00+00:00,16
2020-01-28 00:00:00+00:00,28
2020-01-29 00:00:00+00:00,25
2020-01-30 00:00:00+00:00,6
2020-01-31 00:00:00+00:00,195
2020-02-01 00:00:00+00:00,134
2020-02-02 00:00:00+00:00,11
2020-02-03 00:00:00+00:00,7
2020-02-04 00:00:00+00:00,1
2020-02-05 00:00:00+00:00,1
2020-02-06 00:00:00+00:00,1
2020-02-07 00:00:00+00:00,9
2020-02-08 00:00:00+00:00,7
2020-02-09 00:00:00+00:00,2
2020-02-10 00:00:00+00:00,9
2020-02-11 00:00:00+00:00,4
2020-02-12 00:00:00+00:00,4
2020-02-13 00:00:00+00:00,5
2020-02-14 00:00:00+00:00,5
2020-02-15 00:00:00+00:00,1
2020-02-16 00:00:00+00:00,2
2020-02-17 00:00:00+00:00,25
2020-02-18 00:00:00+00:00,1
2020-02-19 00:00:00+00:00,4
2020-02-20 00:00:00+00:00,4
2020-02-21 00:00:00+00:00,2
2020-02-22 00:00:00+00:00,6
2020-02-23 00:00:00+00:00,5
2020-02-24 00:00:00+00:00,2
2020-02-25 00:00:00+00:00,3
2020-02-26 00:00:00+00:00,1
2020-02-27 00:00:00+00:00,8
2020-02-28 00:00:00+00:00,14
2020-02-29 00:00:00+00:00,4
2020-03-01 00:00:00+00:00,2
2020-03-02 00:00:00+00:00,5
2020-03-03 00:00:00+00:00,26
2020-03-04 00:00:00+00:00,26
2020-03-05 00:00:00+00:00,1
2020-03-06 00:00:00+00:00,4
2020-03-07 00:00:00+00:00,3
2020-03-08 00:00:00+00:00,1
2020-03-09 00:00:00+00:00,4
2020-03-10 00:00:00+00:00,7
2020-03-11 00:00:00+00:00,2
2020-03-12 00:00:00+00:00,14
2020-03-13 00:00:00+00:00,6
2020-03-14 00:00:00+00:00,2
2020-03-15 00:00:00+00:00,4
2020-03-16 00:00:00+00:00,1
2020-03-17 00:00:00+00:00,1
2020-03-18 00:00:00+00:00,51
2020-03-19 00:00:00+00:00,6
2020-03-20 00:00:00+00:00,16
2020-03-21 00:00:00+00:00,25
2020-03-22 00:00:00+00:00,22
2020-03-23 00:00:00+00:00,23
2020-03-24 00:00:00+00:00,8
2020-03-25 00:00:00+00:00,3
2020-03-26 00:00:00+00:00,1
2020-03-27 00:00:00+00:00,35
2020-03-28 00:00:00+00:00,226
2020-03-29 00:00:00+00:00,21
2020-03-30 00:00:00+00:00,8
2020-03-31 00:00:00+00:00,4
2020-04-01 00:00:00+00:00,16
2020-04-02 00:00:00+00:00,117
2020-04-03 00:00:00+00:00,14
2020-04-04 00:00:00+00:00,5
2020-04-05 00:00:00+00:00,0
2020-04-06 00:00:00+00:00,32
2020-04-07 00:00:00+00:00,16
2020-04-08 00:00:00+00:00,16
2020-04-09 00:00:00+00:00,1
2020-04-10 00:00:00+00:00,4
2020-04-11 00:00:00+00:00,44
2020-04-12 00:00:00+00:00,11
2020-04-13 00:00:00+00:00,4
2020-04-14 00:00:00+00:00,11
2020-04-15 00:00:00+00:00,7
2020-04-16 00:00:00+00:00,8
2020-04-17 00:00:00+00:00,28
2020-04-18 00:00:00+00:00,4
2020-04-19 00:00:00+00:00,5
2020-04-20 00:00:00+00:00,3
2020-04-21 00:00:00+00:00,8
2020-04-22 00:00:00+00:00,0
2020-04-23 00:00:00+00:00,4
2020-04-24 00:00:00+00:00,12
2020-04-25 00:00:00+00:00,54
2020-04-26 00:00:00+00:00,8
2020-04-27 00:00:00+00:00,2
2020-04-28 00:00:00+00:00,3
2020-04-29 00:00:00+00:00,2
2020-04-30 00:00:00+00:00,7
2020-05-01 00:00:00+00:00,4
2020-05-02 00:00:00+00:00,2
2020-05-03 00:00:00+00:00,2
2020-05-04 00:00:00+00:00,1
2020-05-05 00:00:00+00:00,0
2020-05-06 00:00:00+00:00,8
2020-05-07 00:00:00+00:00,5
2020-05-08 00:00:00+00:00,345
2020-05-09 00:00:00+00:00,105
2020-05-10 00:00:00+00:00,18
2020-05-11 00:00:00+00:00,13
2020-05-12 00:00:00+00:00,3
2020-05-13 00:00:00+00:00,4
2020-05-14 00:00:00+00:00,0
2020-05-15 00:00:00+00:00,4
2020-05-16 00:00:00+00:00,1
2020-05-17 00:00:00+00:00,3
2020-05-18 00:00:00+00:00,434
2020-05-19 00:00:00+00:00,14
2020-05-20 00:00:00+00:00,6
2020-05-21 00:00:00+00:00,5
2020-05-22 00:00:00+00:00,2
2020-05-23 00:00:00+00:00,3
2020-05-24 00:00:00+00:00,4
2020-05-25 00:00:00+00:00,12
2020-05-26 00:00:00+00:00,4
2020-05-27 00:00:00+00:00,4
2020-05-28 00:00:00+00:00,3
2020-05-29 00:00:00+00:00,4
2020-05-30 00:00:00+00:00,2
2020-05-31 00:00:00+00:00,0
2020-06-01 00:00:00+00:00,10
2020-06-02 00:00:00+00:00,4
2020-06-03 00:00:00+00:00,3
2020-06-04 00:00:00+00:00,8
2020-06-05 00:00:00+00:00,2
2020-06-06 00:00:00+00:00,14
2020-06-07 00:00:00+00:00,5
2020-06-08 00:00:00+00:00,6
2020-06-09 00:00:00+00:00,4
2020-06-10 00:00:00+00:00,6
2020-06-11 00:00:00+00:00,2
2020-06-12 00:00:00+00:00,2
2020-06-13 00:00:00+00:00,3
2020-06-14 00:00:00+00:00,14
2020-06-15 00:00:00+00:00,4
2020-06-16 00:00:00+00:00,23
2020-06-17 00:00:00+00:00,10
2020-06-18 00:00:00+00:00,18
2020-06-19 00:00:00+00:00,5
2020-06-20 00:00:00+00:00,1
2020-06-21 00:00:00+00:00,2
2020-06-22 00:00:00+00:00,34
2020-06-23 00:00:00+00:00,109
2020-06-24 00:00:00+00:00,11
2020-06-25 00:00:00+00:00,12
2020-06-26 00:00:00+00:00,10
2020-06-27 00:00:00+00:00,11
2020-06-28 00:00:00+00:00,21
2020-06-29 00:00:00+00:00,5
2020-06-30 00:00:00+00:00,10
2020-07-01 00:00:00+00:00,7
2020-07-02 00:00:00+00:00,0
2020-07-03 00:00:00+00:00,12
2020-07-04 00:00:00+00:00,14
2020-07-05 00:00:00+00:00,10
2020-07-06 00:00:00+00:00,4
2020-07-07 00:00:00+00:00,4
2020-07-08 00:00:00+00:00,1
2020-07-09 00:00:00+00:00,4
2020-07-10 00:00:00+00:00,3
2020-07-11 00:00:00+00:00,3
2020-07-12 00:00:00+00:00,2
2020-07-13 00:00:00+00:00,1
2020-07-14 00:00:00+00:00,2
2020-07-15 00:00:00+00:00,3
2020-07-16 00:00:00+00:00,2
2020-07-17 00:00:00+00:00,1
2020-07-18 00:00:00+00:00,0
2020-07-19 00:00:00+00:00,0
2020-07-20 00:00:00+00:00,24
2020-07-21 00:00:00+00:00,10
2020-07-22 00:00:00+00:00,6
2020-07-23 00:00:00+00:00,0
2020-07-24 00:00:00+00:00,2
2020-07-25 00:00:00+00:00,2
2020-07-26 00:00:00+00:00,1
2020-07-27 00:00:00+00:00,0
2020-07-28 00:00:00+00:00,5
2020-07-29 00:00:00+00:00,6
2020-07-30 00:00:00+00:00,2
2020-07-31 00:00:00+00:00,2
2020-08-01 00:00:00+00:00,3
2020-08-02 00:00:00+00:00,0
2020-08-03 00:00:00+00:00,6
2020-08-04 00:00:00+00:00,5
2020-08-05 00:00:00+00:00,10
2020-08-06 00:00:00+00:00,3
2020-08-07 00:00:00+00:00,37
2020-08-08 00:00:00+00:00,4
2020-08-09 00:00:00+00:00,2
2020-08-10 00:00:00+00:00,146
2020-08-11 00:00:00+00:00,0
2020-08-12 00:00:00+00:00,31
2020-08-13 00:00:00+00:00,4
2020-08-14 00:00:00+00:00,5
2020-08-15 00:00:00+00:00,3
2020-08-16 00:00:00+00:00,2
2020-08-17 00:00:00+00:00,4
2020-08-18 00:00:00+00:00,0
2020-08-19 00:00:00+00:00,2
2020-08-20 00:00:00+00:00,1
2020-08-21 00:00:00+00:00,1
2020-08-22 00:00:00+00:00,0
2020-08-23 00:00:00+00:00,4
2020-08-24 00:00:00+00:00,1
2020-08-25 00:00:00+00:00,0
2020-08-26 00:00:00+00:00,1
2020-08-27 00:00:00+00:00,2
2020-08-28 00:00:00+00:00,2
2020-08-29 00:00:00+00:00,1
2020-08-30 00:00:00+00:00,76
2020-08-31 00:00:00+00:00,21
2020-09-01 00:00:00+00:00,55
2020-09-02 00:00:00+00:00,7
2020-09-03 00:00:00+00:00,5
2020-09-04 00:00:00+00:00,87
2020-09-05 00:00:00+00:00,58
2020-09-06 00:00:00+00:00,37
2020-09-07 00:00:00+00:00,7
2020-09-08 00:00:00+00:00,4
2020-09-09 00:00:00+00:00,4
2020-09-10 00:00:00+00:00,3
2020-09-11 00:00:00+00:00,6
2020-09-12 00:00:00+00:00,5
2020-09-13 00:00:00+00:00,4
2020-09-14 00:00:00+00:00,3
2020-09-15 00:00:00+00:00,13
2020-09-16 00:00:00+00:00,100
2020-09-17 00:00:00+00:00,9
2020-09-18 00:00:00+00:00,6
2020-09-19 00:00:00+00:00,1
2020-09-20 00:00:00+00:00,1
2020-09-21 00:00:00+00:00,65
2020-09-22 00:00:00+00:00,57
2020-09-23 00:00:00+00:00,48
2020-09-24 00:00:00+00:00,4
2020-09-25 00:00:00+00:00,23
2020-09-26 00:00:00+00:00,12
2020-09-27 00:00:00+00:00,29
2020-09-28 00:00:00+00:00,58
2020-09-29 00:00:00+00:00,12
2020-09-30 00:00:00+00:00,5
2020-10-01 00:00:00+00:00,106
2020-10-02 00:00:00+00:00,52
2020-10-03 00:00:00+00:00,2
2020-10-04 00:00:00+00:00,1
2020-10-05 00:00:00+00:00,14
2020-10-06 00:00:00+00:00,34
2020-10-07 00:00:00+00:00,16
2020-10-08 00:00:00+00:00,2
2020-10-09 00:00:00+00:00,1
2020-10-10 00:00:00+00:00,8
2020-10-11 00:00:00+00:00,2
2020-10-12 00:00:00+00:00,1
2020-10-13 00:00:00+00:00,411
2020-10-14 00:00:00+00:00,3361
2020-10-15 00:00:00+00:00,1086
2020-10-16 00:00:00+00:00,499
2020-10-17 00:00:00+00:00,44
2020-10-18 00:00:00+00:00,5
2020-10-19 00:00:00+00:00,3
2020-10-20 00:00:00+00:00,4
2020-10-21 00:00:00+00:00,6
2020-10-22 00:00:00+00:00,7
2020-10-23 00:00:00+00:00,2
2020-10-24 00:00:00+00:00,156
2020-10-25 00:00:00+00:00,64
2020-10-26 00:00:00+00:00,10
2020-10-27 00:00:00+00:00,33
2020-10-28 00:00:00+00:00,11
2020-10-29 00:00:00+00:00,0
2020-10-30 00:00:00+00:00,11
2020-10-31 00:00:00+00:00,3
2020-11-01 00:00:00+00:00,5
2020-11-02 00:00:00+00:00,3
2020-11-03 00:00:00+00:00,5
2020-11-04 00:00:00+00:00,3
2020-11-05 00:00:00+00:00,4
2020-11-06 00:00:00+00:00,8
2020-11-07 00:00:00+00:00,11
2020-11-08 00:00:00+00:00,3
2020-11-09 00:00:00+00:00,1
2020-11-10 00:00:00+00:00,28
2020-11-11 00:00:00+00:00,15
2020-11-12 00:00:00+00:00,7
2020-11-13 00:00:00+00:00,4
2020-11-14 00:00:00+00:00,4
2020-11-15 00:00:00+00:00,25
2020-11-16 00:00:00+00:00,6
2020-11-17 00:00:00+00:00,2
2020-11-18 00:00:00+00:00,4
2020-11-19 00:00:00+00:00,0
2020-11-20 00:00:00+00:00,1
2020-11-21 00:00:00+00:00,73
2020-11-22 00:00:00+00:00,23
2020-11-23 00:00:00+00:00,2
2020-11-24 00:00:00+00:00,11
2020-11-25 00:00:00+00:00,3
2020-11-26 00:00:00+00:00,8
2020-11-27 00:00:00+00:00,14
2020-11-28 00:00:00+00:00,10
2020-11-29 00:00:00+00:00,555
2020-11-30 00:00:00+00:00,33
2020-12-01 00:00:00+00:00,11
2020-12-02 00:00:00+00:00,3
2020-12-03 00:00:00+00:00,25
2020-12-04 00:00:00+00:00,13
2020-12-05 00:00:00+00:00,33
2020-12-06 00:00:00+00:00,11
2020-12-07 00:00:00+00:00,75
2020-12-08 00:00:00+00:00,26
2020-12-09 00:00:00+00:00,9
2020-12-10 00:00:00+00:00,6
2020-12-11 00:00:00+00:00,4
2020-12-12 00:00:00+00:00,1
2020-12-13 00:00:00+00:00,4
2020-12-14 00:00:00+00:00,71
2020-12-15 00:00:00+00:00,28
2020-12-16 00:00:00+00:00,1
2020-12-17 00:00:00+00:00,2
2020-12-18 00:00:00+00:00,3
2020-12-19 00:00:00+00:00,5
2020-12-20 00:00:00+00:00,2
2020-12-21 00:00:00+00:00,5
2020-12-22 00:00:00+00:00,281
2020-12-23 00:00:00+00:00,52
2020-12-24 00:00:00+00:00,11
2020-12-25 00:00:00+00:00,2
2020-12-26 00:00:00+00:00,39
2020-12-27 00:00:00+00:00,178
2020-12-28 00:00:00+00:00,31
2020-12-29 00:00:00+00:00,8
2020-12-30 00:00:00+00:00,8
2020-12-31 00:00:00+00:00,42
2021-01-01 00:00:00+00:00,16
2021-01-02 00:00:00+00:00,7
2021-01-03 00:00:00+00:00,3
2021-01-04 00:00:00+00:00,2
2021-01-05 00:00:00+00:00,2
2021-01-06 00:00:00+00:00,4
2021-01-07 00:00:00+00:00,16
2021-01-08 00:00:00+00:00,8
2021-01-09 00:00:00+00:00,0
2021-01-10 00:00:00+00:00,46
2021-01-11 00:00:00+00:00,43
2021-01-12 00:00:00+00:00,9
2021-01-13 00:00:00+00:00,2
2021-01-14 00:00:00+00:00,14
2021-01-15 00:00:00+00:00,106
2021-01-16 00:00:00+00:00,17
2021-01-17 00:00:00+00:00,75
2021-01-18 00:00:00+00:00,2
2021-01-19 00:00:00+00:00,69
2021-01-20 00:00:00+00:00,84
2021-01-21 00:00:00+00:00,14
2021-01-22 00:00:00+00:00,2
2021-01-23 00:00:00+00:00,5
2021-01-24 00:00:00+00:00,2
2021-01-25 00:00:00+00:00,2
2021-01-26 00:00:00+00:00,71
2021-01-27 00:00:00+00:00,100
2021-01-28 00:00:00+00:00,4
2021-01-29 00:00:00+00:00,4
2021-01-30 00:00:00+00:00,1
2021-01-31 00:00:00+00:00,10
2021-02-01 00:00:00+00:00,0
2021-02-02 00:00:00+00:00,0
2021-02-03 00:00:00+00:00,1
2021-02-04 00:00:00+00:00,4
2021-02-05 00:00:00+00:00,4
2021-02-06 00:00:00+00:00,10
2021-02-07 00:00:00+00:00,381
2021-02-08 00:00:00+00:00,36
2021-02-09 00:00:00+00:00,3
2021-02-10 00:00:00+00:00,3
2021-02-11 00:00:00+00:00,5
2021-02-12 00:00:00+00:00,3
2021-02-13 00:00:00+00:00,1
2021-02-14 00:00:00+00:00,7
2021-02-15 00:00:00+00:00,5
2021-02-16 00:00:00+00:00,98
2021-02-17 00:00:00+00:00,67
2021-02-18 00:00:00+00:00,9
2021-02-19 00:00:00+00:00,9
2021-02-20 00:00:00+00:00,6
2021-02-21 00:00:00+00:00,3
2021-02-22 00:00:00+00:00,1
2021-02-23 00:00:00+00:00,5
2021-02-24 00:00:00+00:00,114
2021-02-25 00:00:00+00:00,29
2021-02-26 00:00:00+00:00,7
2021-02-27 00:00:00+00:00,3
2021-02-28 00:00:00+00:00,1
2021-03-01 00:00:00+00:00,7
2021-03-02 00:00:00+00:00,5
2021-03-03 00:00:00+00:00,35
2021-03-04 00:00:00+00:00,152
2021-03-05 00:00:00+00:00,12
2021-03-06 00:00:00+00:00,0
2021-03-07 00:00:00+00:00,8
2021-03-08 00:00:00+00:00,8
2021-03-09 00:00:00+00:00,7
2021-03-10 00:00:00+00:00,2
2021-03-11 00:00:00+00:00,1
2021-03-12 00:00:00+00:00,4
2021-03-13 00:00:00+00:00,3
2021-03-14 00:00:00+00:00,6
2021-03-15 00:00:00+00:00,3
2021-03-16 00:00:00+00:00,4
2021-03-17 00:00:00+00:00,14
2021-03-18 00:00:00+00:00,12
2021-03-19 00:00:00+00:00,775
2021-03-20 00:00:00+00:00,1187
2021-03-21 00:00:00+00:00,100
2021-03-22 00:00:00+00:00,343
2021-03-23 00:00:00+00:00,375
2021-03-24 00:00:00+00:00,91
2021-03-25 00:00:00+00:00,63
2021-03-26 00:00:00+00:00,62
2021-03-27 00:00:00+00:00,11
2021-03-28 00:00:00+00:00,7
2021-03-29 00:00:00+00:00,43
2021-03-30 00:00:00+00:00,18
2021-03-31 00:00:00+00:00,3
2021-04-01 00:00:00+00:00,4
2021-04-02 00:00:00+00:00,10
2021-04-03 00:00:00+00:00,12
2021-04-04 00:00:00+00:00,17
2021-04-05 00:00:00+00:00,208
2021-04-06 00:00:00+00:00,78
2021-04-07 00:00:00+00:00,25
2021-04-08 00:00:00+00:00,21
2021-04-09 00:00:00+00:00,754
2021-04-10 00:00:00+00:00,788
2021-04-11 00:00:00+00:00,174
2021-04-12 00:00:00+00:00,34
2021-04-13 00:00:00+00:00,44
2021-04-14 00:00:00+00:00,28
2021-04-15 00:00:00+00:00,19
2021-04-16 00:00:00+00:00,22
2021-04-17 00:00:00+00:00,28
2021-04-18 00:00:00+00:00,3
2021-04-19 00:00:00+00:00,8
2021-04-20 00:00:00+00:00,3
2021-04-21 00:00:00+00:00,9
2021-04-22 00:00:00+00:00,15
2021-04-23 00:00:00+00:00,18
2021-04-24 00:00:00+00:00,4
2021-04-25 00:00:00+00:00,4
2021-04-26 00:00:00+00:00,1
2021-04-27 00:00:00+00:00,20
2021-04-28 00:00:00+00:00,119
2021-04-29 00:00:00+00:00,33
2021-04-30 00:00:00+00:00,0
2021-05-01 00:00:00+00:00,2
2021-05-02 00:00:00+00:00,4
2021-05-03 00:00:00+00:00,3
2021-05-04 00:00:00+00:00,3
2021-05-05 00:00:00+00:00,8
2021-05-06 00:00:00+00:00,11
2021-05-07 00:00:00+00:00,3
2021-05-08 00:00:00+00:00,218
2021-05-09 00:00:00+00:00,132
2021-05-10 00:00:00+00:00,97
2021-05-11 00:00:00+00:00,17
2021-05-12 00:00:00+00:00,4
2021-05-13 00:00:00+00:00,6
2021-05-14 00:00:00+00:00,2
2021-05-15 00:00:00+00:00,2
2021-05-16 00:00:00+00:00,8
2021-05-17 00:00:00+00:00,2
2021-05-18 00:00:00+00:00,173
2021-05-19 00:00:00+00:00,14
2021-05-20 00:00:00+00:00,6
2021-05-21 00:00:00+00:00,3
2021-05-22 00:00:00+00:00,2478
2021-05-23 00:00:00+00:00,3671
2021-05-24 00:00:00+00:00,1262
2021-05-25 00:00:00+00:00,487
2021-05-26 00:00:00+00:00,412
2021-05-27 00:00:00+00:00,617
2021-05-28 00:00:00+00:00,393
2021-05-29 00:00:00+00:00,762
2021-05-30 00:00:00+00:00,199
2021-05-31 00:00:00+00:00,123
2021-06-01 00:00:00+00:00,99
2021-06-02 00:00:00+00:00,313
2021-06-03 00:00:00+00:00,88
2021-06-04 00:00:00+00:00,47
2021-06-05 00:00:00+00:00,72
2021-06-06 00:00:00+00:00,62
2021-06-07 00:00:00+00:00,155
2021-06-08 00:00:00+00:00,114
2021-06-09 00:00:00+00:00,133
2021-06-10 00:00:00+00:00,90
2021-06-11 00:00:00+00:00,43
2021-06-12 00:00:00+00:00,96
2021-06-13 00:00:00+00:00,95
2021-06-14 00:00:00+00:00,91
2021-06-15 00:00:00+00:00,52
2021-06-16 00:00:00+00:00,15
2021-06-17 00:00:00+00:00,7
2021-06-18 00:00:00+00:00,9
2021-06-19 00:00:00+00:00,34
2021-06-20 00:00:00+00:00,13
2021-06-21 00:00:00+00:00,29
2021-06-22 00:00:00+00:00,53
2021-06-23 00:00:00+00:00,65
2021-06-24 00:00:00+00:00,35
2021-06-25 00:00:00+00:00,45
2021-06-26 00:00:00+00:00,40
2021-06-27 00:00:00+00:00,105
2021-06-28 00:00:00+00:00,55
2021-06-29 00:00:00+00:00,94
2021-06-30 00:00:00+00:00,26
2021-07-01 00:00:00+00:00,142
2021-07-02 00:00:00+00:00,0
2021-07-03 00:00:00+00:00,16
2021-07-04 00:00:00+00:00,23
2021-07-05 00:00:00+00:00,23
2021-07-06 00:00:00+00:00,23
2021-07-07 00:00:00+00:00,96
2021-07-08 00:00:00+00:00,88
2021-07-09 00:00:00+00:00,24
2021-07-10 00:00:00+00:00,16
2021-07-11 00:00:00+00:00,51
2021-07-12 00:00:00+00:00,13
2021-07-13 00:00:00+00:00,6
2021-07-14 00:00:00+00:00,46
2021-07-15 00:00:00+00:00,9
2021-07-16 00:00:00+00:00,4
2021-07-17 00:00:00+00:00,11
2021-07-18 00:00:00+00:00,11
2021-07-19 00:00:00+00:00,10
2021-07-20 00:00:00+00:00,102
2021-07-21 00:00:00+00:00,13
2021-07-22 00:00:00+00:00,168
2021-07-23 00:00:00+00:00,21
2021-07-24 00:00:00+00:00,8
2021-07-25 00:00:00+00:00,7
2021-07-26 00:00:00+00:00,18
2021-07-27 00:00:00+00:00,15
2021-07-28 00:00:00+00:00,11
2021-07-29 00:00:00+00:00,3
2021-07-30 00:00:00+00:00,10
2021-07-31 00:00:00+00:00,60
2021-08-01 00:00:00+00:00,80
2021-08-02 00:00:00+00:00,12
2021-08-03 00:00:00+00:00,5
2021-08-04 00:00:00+00:00,28
2021-08-05 00:00:00+00:00,8
2021-08-06 00:00:00+00:00,5
2021-08-07 00:00:00+00:00,9
2021-08-08 00:00:00+00:00,2
2021-08-09 00:00:00+00:00,235
2021-08-10 00:00:00+00:00,105
2021-08-11 00:00:00+00:00,6
2021-08-12 00:00:00+00:00,13
2021-08-13 00:00:00+00:00,5
2021-08-14 00:00:00+00:00,0
2021-08-15 00:00:00+00:00,0
2021-08-16 00:00:00+00:00,0
2021-08-17 00:00:00+00:00,0
2021-08-18 00:00:00+00:00,0
2021-08-19 00:00:00+00:00,62
2021-08-20 00:00:00+00:00,241
2021-08-21 00:00:00+00:00,0
2021-08-22 00:00:00+00:00,0
2021-08-23 00:00:00+00:00,34
2021-08-24 00:00:00+00:00,3
2021-08-25 00:00:00+00:00,64
2021-08-26 00:00:00+00:00,52
2021-08-27 00:00:00+00:00,17
2021-08-28 00:00:00+00:00,19
2021-08-29 00:00:00+00:00,2
2021-08-30 00:00:00+00:00,7
2021-08-31 00:00:00+00:00,11
2021-09-01 00:00:00+00:00,62
2021-09-02 00:00:00+00:00,47
2021-09-03 00:00:00+00:00,4
2021-09-04 00:00:00+00:00,16
2021-09-05 00:00:00+00:00,0
2021-09-06 00:00:00+00:00,17
2021-09-07 00:00:00+00:00,20
2021-09-08 00:00:00+00:00,8
2021-09-09 00:00:00+00:00,6
2021-09-10 00:00:00+00:00,10
2021-09-11 00:00:00+00:00,6
2021-09-12 00:00:00+00:00,12
2021-09-13 00:00:00+00:00,7
2021-09-14 00:00:00+00:00,17
2021-09-15 00:00:00+00:00,6
2021-09-16 00:00:00+00:00,6
2021-09-17 00:00:00+00:00,0
2021-09-18 00:00:00+00:00,43
2021-09-19 00:00:00+00:00,335
2021-09-20 00:00:00+00:00,285
2021-09-21 00:00:00+00:00,222
2021-09-22 00:00:00+00:00,106
2021-09-23 00:00:00+00:00,165
2021-09-24 00:00:00+00:00,159
2021-09-25 00:00:00+00:00,207
2021-09-26 00:00:00+00:00,128
2021-09-27 00:00:00+00:00,171
2021-09-28 00:00:00+00:00,186
2021-09-29 00:00:00+00:00,161
2021-09-30 00:00:00+00:00,22
2021-10-01 00:00:00+00:00,39
2021-10-02 00:00:00+00:00,63
2021-10-03 00:00:00+00:00,611
2021-10-04 00:00:00+00:00,1304
2021-10-05 00:00:00+00:00,1966
2021-10-06 00:00:00+00:00,200
2021-10-07 00:00:00+00:00,53
2021-10-08 00:00:00+00:00,0
2021-10-09 00:00:00+00:00,0
2021-10-10 00:00:00+00:00,28
2021-10-11 00:00:00+00:00,55
2021-10-12 00:00:00+00:00,26
2021-10-13 00:00:00+00:00,33
2021-10-14 00:00:00+00:00,94
2021-10-15 00:00:00+00:00,0
2021-10-16 00:00:00+00:00,0
2021-10-17 00:00:00+00:00,0
2021-10-18 00:00:00+00:00,40
2021-10-19 00:00:00+00:00,36
2021-10-20 00:00:00+00:00,147
2021-10-21 00:00:00+00:00,24
2021-10-22 00:00:00+00:00,13
2021-10-23 00:00:00+00:00,22
2021-10-24 00:00:00+00:00,16
2021-10-25 00:00:00+00:00,31
2021-10-26 00:00:00+00:00,23
2021-10-27 00:00:00+00:00,25
2021-10-28 00:00:00+00:00,29
2021-10-29 00:00:00+00:00,10
2021-10-30 00:00:00+00:00,32
2021-10-31 00:00:00+00:00,26
2021-11-01 00:00:00+00:00,32
2021-11-02 00:00:00+00:00,15
2021-11-03 00:00:00+00:00,13
2021-11-04 00:00:00+00:00,11
2021-11-05 00:00:00+00:00,10
2021-11-06 00:00:00+00:00,15
2021-11-07 00:00:00+00:00,31
2021-11-08 00:00:00+00:00,15
2021-11-09 00:00:00+00:00,19
2021-11-10 00:00:00+00:00,8
2021-11-11 00:00:00+00:00,11
2021-11-12 00:00:00+00:00,19
2021-11-13 00:00:00+00:00,45
2021-11-14 00:00:00+00:00,35
2021-11-15 00:00:00+00:00,100
2021-11-16 00:00:00+00:00,42
2021-11-17 00:00:00+00:00,19
2021-11-18 00:00:00+00:00,7
2021-11-19 00:00:00+00:00,10
2021-11-20 00:00:00+00:00,8
2021-11-21 00:00:00+00:00,11
2021-11-22 00:00:00+00:00,22
2021-11-23 00:00:00+00:00,9
2021-11-24 00:00:00+00:00,6
2021-11-25 00:00:00+00:00,3
2021-11-26 00:00:00+00:00,0
2021-11-27 00:00:00+00:00,0
2021-11-28 00:00:00+00:00,0
2021-11-29 00:00:00+00:00,0
2021-11-30 00:00:00+00:00,11
2021-12-01 00:00:00+00:00,37
2021-12-02 00:00:00+00:00,17
2021-12-03 00:00:00+00:00,2
2021-12-04 00:00:00+00:00,63
2021-12-05 00:00:00+00:00,26
2021-12-06 00:00:00+00:00,40
2021-12-07 00:00:00+00:00,24
2021-12-08 00:00:00+00:00,10
2021-12-09 00:00:00+00:00,0
2021-12-10 00:00:00+00:00,0
2021-12-11 00:00:00+00:00,0
2021-12-12 00:00:00+00:00,13
2021-12-13 00:00:00+00:00,11
2021-12-14 00:00:00+00:00,8
2021-12-15 00:00:00+00:00,10
2021-12-16 00:00:00+00:00,9
2021-12-17 00:00:00+00:00,6
2021-12-18 00:00:00+00:00,5
2021-12-19 00:00:00+00:00,4
2021-12-20 00:00:00+00:00,64
2021-12-21 00:00:00+00:00,13
2021-12-22 00:00:00+00:00,12
2021-12-23 00:00:00+00:00,14
2021-12-24 00:00:00+00:00,14
2021-12-25 00:00:00+00:00,14
2021-12-26 00:00:00+00:00,22
2021-12-27 00:00:00+00:00,5
2021-12-28 00:00:00+00:00,11
2021-12-29 00:00:00+00:00,11
2021-12-30 00:00:00+00:00,4
2021-12-31 00:00:00+00:00,44
2022-01-01 00:00:00+00:00,10
2022-01-02 00:00:00+00:00,6
2022-01-03 00:00:00+00:00,1
2022-01-04 00:00:00+00:00,7
2022-01-05 00:00:00+00:00,4
2022-01-06 00:00:00+00:00,17
2022-01-07 00:00:00+00:00,70
2022-01-08 00:00:00+00:00,19
2022-01-09 00:00:00+00:00,6
2022-01-10 00:00:00+00:00,2
2022-01-11 00:00:00+00:00,2
2022-01-12 00:00:00+00:00,3
2022-01-13 00:00:00+00:00,0
2022-01-14 00:00:00+00:00,0
2022-01-15 00:00:00+00:00,699
2022-01-16 00:00:00+00:00,681
2022-01-17 00:00:00+00:00,504
2022-01-18 00:00:00+00:00,396
2022-01-19 00:00:00+00:00,181
2022-01-20 00:00:00+00:00,283
2022-01-21 00:00:00+00:00,125
2022-01-22 00:00:00+00:00,64
2022-01-23 00:00:00+00:00,39
2022-01-24 00:00:00+00:00,151
2022-01-25 00:00:00+00:00,23
2022-01-26 00:00:00+00:00,10
2022-01-27 00:00:00+00:00,96
2022-01-28 00:00:00+00:00,30
2022-01-29 00:00:00+00:00,28
2022-01-30 00:00:00+00:00,32
2022-01-31 00:00:00+00:00,11
2022-02-01 00:00:00+00:00,7
2022-02-02 00:00:00+00:00,6
2022-02-03 00:00:00+00:00,13
2022-02-04 00:00:00+00:00,8
2022-02-05 00:00:00+00:00,5
2022-02-06 00:00:00+00:00,16
2022-02-07 00:00:00+00:00,8
2022-02-08 00:00:00+00:00,0
2022-02-09 00:00:00+00:00,3
2022-02-10 00:00:00+00:00,127
2022-02-11 00:00:00+00:00,187
2022-02-12 00:00:00+00:00,5
2022-02-13 00:00:00+00:00,1
2022-02-14 00:00:00+00:00,7
2022-02-15 00:00:00+00:00,5
2022-02-16 00:00:00+00:00,11
2022-02-17 00:00:00+00:00,0
2022-02-18 00:00:00+00:00,3
2022-02-19 00:00:00+00:00,8
2022-02-20 00:00:00+00:00,43
2022-02-21 00:00:00+00:00,8
2022-02-22 00:00:00+00:00,16
2022-02-23 00:00:00+00:00,9
2022-02-24 00:00:00+00:00,15
2022-02-25 00:00:00+00:00,7
2022-02-26 00:00:00+00:00,2
2022-02-27 00:00:00+00:00,10
2022-02-28 00:00:00+00:00,2
2022-03-01 00:00:00+00:00,3
2022-03-02 00:00:00+00:00,2
2022-03-03 00:00:00+00:00,12
2022-03-04 00:00:00+00:00,5
2022-03-05 00:00:00+00:00,0
2022-03-06 00:00:00+00:00,1
2022-03-07 00:00:00+00:00,5
2022-03-08 00:00:00+00:00,0
2022-03-09 00:00:00+00:00,4
2022-03-10 00:00:00+00:00,2
2022-03-11 00:00:00+00:00,4
2022-03-12 00:00:00+00:00,3
2022-03-13 00:00:00+00:00,1
2022-03-14 00:00:00+00:00,11
2022-03-15 00:00:00+00:00,4
2022-03-16 00:00:00+00:00,9
2022-03-17 00:00:00+00:00,0
2022-03-18 00:00:00+00:00,1
2022-03-19 00:00:00+00:00,0
2022-03-20 00:00:00+00:00,8
2022-03-21 00:00:00+00:00,3
2022-03-22 00:00:00+00:00,7
2022-03-23 00:00:00+00:00,16
2022-03-24 00:00:00+00:00,7
2022-03-25 00:00:00+00:00,1
2022-03-26 00:00:00+00:00,69
2022-03-27 00:00:00+00:00,19
2022-03-28 00:00:00+00:00,10
2022-03-29 00:00:00+00:00,1
2022-03-30 00:00:00+00:00,0
2022-03-31 00:00:00+00:00,19
2022-04-01 00:00:00+00:00,31
2022-04-02 00:00:00+00:00,9
2022-04-03 00:00:00+00:00,25
2022-04-04 00:00:00+00:00,0
2022-04-05 00:00:00+00:00,4
2022-04-06 00:00:00+00:00,2
2022-04-07 00:00:00+00:00,2
2022-04-08 00:00:00+00:00,6
2022-04-09 00:00:00+00:00,1
2022-04-10 00:00:00+00:00,0
2022-04-11 00:00:00+00:00,1
2022-04-12 00:00:00+00:00,0
2022-04-13 00:00:00+00:00,5
2022-04-14 00:00:00+00:00,0
2022-04-15 00:00:00+00:00,2
2022-04-16 00:00:00+00:00,0
2022-04-17 00:00:00+00:00,2
2022-04-18 00:00:00+00:00,10
2022-04-19 00:00:00+00:00,3
2022-04-20 00:00:00+00:00,1
2022-04-21 00:00:00+00:00,2
2022-04-22 00:00:00+00:00,2
2022-04-23 00:00:00+00:00,3
2022-04-24 00:00:00+00:00,4
2022-04-25 00:00:00+00:00,13
2022-04-26 00:00:00+00:00,2
2022-04-27 00:00:00+00:00,3
2022-04-28 00:00:00+00:00,1
2022-04-29 00:00:00+00:00,2
2022-04-30 00:00:00+00:00,14
2022-05-01 00:00:00+00:00,3
2022-05-02 00:00:00+00:00,3
2022-05-03 00:00:00+00:00,1
2022-05-04 00:00:00+00:00,85
2022-05-05 00:00:00+00:00,43
2022-05-06 00:00:00+00:00,20
2022-05-07 00:00:00+00:00,7
2022-05-08 00:00:00+00:00,30
2022-05-09 00:00:00+00:00,9
2022-05-10 00:00:00+00:00,11
2022-05-11 00:00:00+00:00,0
2022-05-12 00:00:00+00:00,0
2022-05-13 00:00:00+00:00,5
2022-05-14 00:00:00+00:00,3
2022-05-15 00:00:00+00:00,4
2022-05-16 00:00:00+00:00,2
2022-05-17 00:00:00+00:00,5
2022-05-18 00:00:00+00:00,18
2022-05-19 00:00:00+00:00,11
2022-05-20 00:00:00+00:00,34
2022-05-21 00:00:00+00:00,0
2022-05-22 00:00:00+00:00,20
2022-05-23 00:00:00+00:00,3
2022-05-24 00:00:00+00:00,12
2022-05-25 00:00:00+00:00,0
2022-05-26 00:00:00+00:00,14
2022-05-27 00:00:00+00:00,19
2022-05-28 00:00:00+00:00,0
2022-05-29 00:00:00+00:00,9
2022-05-30 00:00:00+00:00,1
2022-05-31 00:00:00+00:00,2
2022-06-01 00:00:00+00:00,0
2022-06-02 00:00:00+00:00,14
2022-06-03 00:00:00+00:00,5
2022-06-04 00:00:00+00:00,7
2022-06-05 00:00:00+00:00,2
2022-06-06 00:00:00+00:00,15
2022-06-07 00:00:00+00:00,6
2022-06-08 00:00:00+00:00,9
2022-06-09 00:00:00+00:00,10
2022-06-10 00:00:00+00:00,4
2022-06-11 00:00:00+00:00,3
2022-06-12 00:00:00+00:00,38
2022-06-13 00:00:00+00:00,5
2022-06-14 00:00:00+00:00,0
2022-06-15 00:00:00+00:00,3
2022-06-16 00:00:00+00:00,9
2022-06-17 00:00:00+00:00,7
2022-06-18 00:00:00+00:00,7
2022-06-19 00:00:00+00:00,1
2022-06-20 00:00:00+00:00,7
2022-06-21 00:00:00+00:00,9
2022-06-22 00:00:00+00:00,4
2022-06-23 00:00:00+00:00,3
2022-06-24 00:00:00+00:00,39
2022-06-25 00:00:00+00:00,9
2022-06-26 00:00:00+00:00,0
2022-06-27 00:00:00+00:00,117
2022-06-28 00:00:00+00:00,14
2022-06-29 00:00:00+00:00,3
2022-06-30 00:00:00+00:00,3
2022-07-01 00:00:00+00:00,21
2022-07-02 00:00:00+00:00,23
2022-07-03 00:00:00+00:00,13
2022-07-04 00:00:00+00:00,57
2022-07-05 00:00:00+00:00,52
2022-07-06 00:00:00+00:00,13
2022-07-07 00:00:00+00:00,60
2022-07-08 00:00:00+00:00,62
2022-07-09 00:00:00+00:00,111
2022-07-10 00:00:00+00:00,192
2022-07-11 00:00:00+00:00,83
2022-07-12 00:00:00+00:00,2
2022-07-13 00:00:00+00:00,5
2022-07-14 00:00:00+00:00,13
2022-07-15 00:00:00+00:00,4
2022-07-16 00:00:00+00:00,1
2022-07-17 00:00:00+00:00,6
2022-07-18 00:00:00+00:00,8
2022-07-19 00:00:00+00:00,17
2022-07-20 00:00:00+00:00,2
2022-07-21 00:00:00+00:00,2
2022-07-22 00:00:00+00:00,1
2022-07-23 00:00:00+00:00,11
2022-07-24 00:00:00+00:00,7
2022-07-25 00:00:00+00:00,8
2022-07-26 00:00:00+00:00,38
2022-07-27 00:00:00+00:00,7
2022-07-28 00:00:00+00:00,0
2022-07-29 00:00:00+00:00,7
2022-07-30 00:00:00+00:00,59
2022-07-31 00:00:00+00:00,883
2022-08-01 00:00:00+00:00,145
2022-08-02 00:00:00+00:00,146
2022-08-03 00:00:00+00:00,430
2022-08-04 00:00:00+00:00,0
2022-08-05 00:00:00+00:00,135
2022-08-06 00:00:00+00:00,40
2022-08-07 00:00:00+00:00,41
2022-08-08 00:00:00+00:00,76
2022-08-09 00:00:00+00:00,15
2022-08-10 00:00:00+00:00,5
2022-08-11 00:00:00+00:00,28
2022-08-12 00:00:00+00:00,21
2022-08-13 00:00:00+00:00,4
2022-08-14 00:00:00+00:00,2
2022-08-15 00:00:00+00:00,2
2022-08-16 00:00:00+00:00,27
2022-08-17 00:00:00+00:00,50
2022-08-18 00:00:00+00:00,32
2022-08-19 00:00:00+00:00,14
2022-08-20 00:00:00+00:00,6
2022-08-21 00:00:00+00:00,6
2022-08-22 00:00:00+00:00,2
2022-08-23 00:00:00+00:00,25
2022-08-24 00:00:00+00:00,26
2022-08-25 00:00:00+00:00,0
2022-08-26 00:00:00+00:00,15
2022-08-27 00:00:00+00:00,3
2022-08-28 00:00:00+00:00,4
2022-08-29 00:00:00+00:00,7
2022-08-30 00:00:00+00:00,3
2022-08-31 00:00:00+00:00,0
2022-09-01 00:00:00+00:00,8
2022-09-02 00:00:00+00:00,0
2022-09-03 00:00:00+00:00,0
2022-09-04 00:00:00+00:00,2
2022-09-05 00:00:00+00:00,3
2022-09-06 00:00:00+00:00,6
2022-09-07 00:00:00+00:00,12
2022-09-08 00:00:00+00:00,11
2022-09-09 00:00:00+00:00,10
2022-09-10 00:00:00+00:00,22
2022-09-11 00:00:00+00:00,21
2022-09-12 00:00:00+00:00,4
2022-09-13 00:00:00+00:00,4
2022-09-14 00:00:00+00:00,5
2022-09-15 00:00:00+00:00,11
2022-09-16 00:00:00+00:00,4
2022-09-17 00:00:00+00:00,4
2022-09-18 00:00:00+00:00,3
2022-09-19 00:00:00+00:00,5
2022-09-20 00:00:00+00:00,8
2022-09-21 00:00:00+00:00,5
2022-09-22 00:00:00+00:00,1
2022-09-23 00:00:00+00:00,4
2022-09-24 00:00:00+00:00,12
2022-09-25 00:00:00+00:00,24
2022-09-26 00:00:00+00:00,16
2022-09-27 00:00:00+00:00,8
2022-09-28 00:00:00+00:00,5
2022-09-29 00:00:00+00:00,1
2022-09-30 00:00:00+00:00,3
2022-10-01 00:00:00+00:00,5
2022-10-02 00:00:00+00:00,7
2022-10-03 00:00:00+00:00,1
2022-10-04 00:00:00+00:00,2
2022-10-05 00:00:00+00:00,2
2022-10-06 00:00:00+00:00,5
2022-10-07 00:00:00+00:00,109
2022-10-08 00:00:00+00:00,365
2022-10-09 00:00:00+00:00,67
2022-10-10 00:00:00+00:00,42
2022-10-11 00:00:00+00:00,16
2022-10-12 00:00:00+00:00,11
2022-10-13 00:00:00+00:00,5
2022-10-14 00:00:00+00:00,1
2022-10-15 00:00:00+00:00,4
2022-10-16 00:00:00+00:00,512
2022-10-17 00:00:00+00:00,258
2022-10-18 00:00:00+00:00,17
2022-10-19 00:00:00+00:00,6
2022-10-20 00:00:00+00:00,0
2022-10-21 00:00:00+00:00,0
2022-10-22 00:00:00+00:00,2
2022-10-23 00:00:00+00:00,2
2022-10-24 00:00:00+00:00,4
2022-10-25 00:00:00+00:00,0
2022-10-26 00:00:00+00:00,60
2022-10-27 00:00:00+00:00,44
2022-10-28 00:00:00+00:00,18
2022-10-29 00:00:00+00:00,9
2022-10-30 00:00:00+00:00,7
2022-10-31 00:00:00+00:00,7
2022-11-01 00:00:00+00:00,8
2022-11-02 00:00:00+00:00,0
2022-11-03 00:00:00+00:00,4
2022-11-04 00:00:00+00:00,2
2022-11-05 00:00:00+00:00,3
2022-11-06 00:00:00+00:00,4
2022-11-07 00:00:00+00:00,12
2022-11-08 00:00:00+00:00,5
2022-11-09 00:00:00+00:00,1
2022-11-10 00:00:00+00:00,3
2022-11-11 00:00:00+00:00,1
2022-11-12 00:00:00+00:00,2
2022-11-13 00:00:00+00:00,0
2022-11-14 00:00:00+00:00,9
2022-11-15 00:00:00+00:00,8
2022-11-16 00:00:00+00:00,4
2022-11-17 00:00:00+00:00,1
2022-11-18 00:00:00+00:00,2
2022-11-19 00:00:00+00:00,3
2022-11-20 00:00:00+00:00,3
2022-11-21 00:00:00+00:00,20
2022-11-22 00:00:00+00:00,4
2022-11-23 00:00:00+00:00,1
2022-11-24 00:00:00+00:00,0
2022-11-25 00:00:00+00:00,1
2022-11-26 00:00:00+00:00,302
2022-11-27 00:00:00+00:00,184
2022-11-28 00:00:00+00:00,50
2022-11-29 00:00:00+00:00,46
2022-11-30 00:00:00+00:00,0
2022-12-01 00:00:00+00:00,3
2022-12-02 00:00:00+00:00,33
2022-12-03 00:00:00+00:00,144
2022-12-04 00:00:00+00:00,99
2022-12-05 00:00:00+00:00,11
2022-12-06 00:00:00+00:00,17
2022-12-07 00:00:00+00:00,12
2022-12-08 00:00:00+00:00,22
2022-12-09 00:00:00+00:00,0
2022-12-10 00:00:00+00:00,3
2022-12-11 00:00:00+00:00,5
2022-12-12 00:00:00+00:00,5
2022-12-13 00:00:00+00:00,4
2022-12-14 00:00:00+00:00,0
2022-12-15 00:00:00+00:00,1
2022-12-16 00:00:00+00:00,0
2022-12-17 00:00:00+00:00,0
2022-12-18 00:00:00+00:00,0
2022-12-19 00:00:00+00:00,0
2022-12-20 00:00:00+00:00,0
2022-12-21 00:00:00+00:00,5
2022-12-22 00:00:00+00:00,12
2022-12-23 00:00:00+00:00,10
2022-12-24 00:00:00+00:00,7
2022-12-25 00:00:00+00:00,28
2022-12-26 00:00:00+00:00,13
2022-12-27 00:00:00+00:00,12
2022-12-28 00:00:00+00:00,0
2022-12-29 00:00:00+00:00,0
2022-12-30 00:00:00+00:00,0
2022-12-31 00:00:00+00:00,0
2023-01-01 00:00:00+00:00,0
2023-01-02 00:00:00+00:00,10
2023-01-03 00:00:00+00:00,4
2023-01-04 00:00:00+00:00,5
2023-01-05 00:00:00+00:00,1
2023-01-06 00:00:00+00:00,8
2023-01-07 00:00:00+00:00,1
2023-01-08 00:00:00+00:00,3
2023-01-09 00:00:00+00:00,4
2023-01-10 00:00:00+00:00,3
2023-01-11 00:00:00+00:00,1
2023-01-12 00:00:00+00:00,26
2023-01-13 00:00:00+00:00,4
2023-01-14 00:00:00+00:00,2
2023-01-15 00:00:00+00:00,9
2023-01-16 00:00:00+00:00,11
2023-01-17 00:00:00+00:00,34
2023-01-18 00:00:00+00:00,18
2023-01-19 00:00:00+00:00,30
2023-01-20 00:00:00+00:00,0
2023-01-21 00:00:00+00:00,68
2023-01-22 00:00:00+00:00,2
2023-01-23 00:00:00+00:00,26
2023-01-24 00:00:00+00:00,10
2023-01-25 00:00:00+00:00,1
2023-01-26 00:00:00+00:00,34
2023-01-27 00:00:00+00:00,1
2023-01-28 00:00:00+00:00,1
2023-01-29 00:00:00+00:00,2
2023-01-30 00:00:00+00:00,12
2023-01-31 00:00:00+00:00,8
2023-02-01 00:00:00+00:00,15
2023-02-02 00:00:00+00:00,5
2023-02-03 00:00:00+00:00,1
2023-02-04 00:00:00+00:00,1
2023-02-05 00:00:00+00:00,4
2023-02-06 00:00:00+00:00,4
2023-02-07 00:00:00+00:00,4
2023-02-08 00:00:00+00:00,20
2023-02-09 00:00:00+00:00,246
2023-02-10 00:00:00+00:00,44
2023-02-11 00:00:00+00:00,7
2023-02-12 00:00:00+00:00,2
2023-02-13 00:00:00+00:00,1
2023-02-14 00:00:00+00:00,4
2023-02-15 00:00:00+00:00,12
2023-02-16 00:00:00+00:00,0
2023-02-17 00:00:00+00:00,8
2023-02-18 00:00:00+00:00,1
2023-02-19 00:00:00+00:00,2
2023-02-20 00:00:00+00:00,7
2023-02-21 00:00:00+00:00,4
2023-02-22 00:00:00+00:00,45
2023-02-23 00:00:00+00:00,10
2023-02-24 00:00:00+00:00,8
2023-02-25 00:00:00+00:00,2
2023-02-26 00:00:00+00:00,1
2023-02-27 00:00:00+00:00,42
2023-02-28 00:00:00+00:00,146
2023-03-01 00:00:00+00:00,53
2023-03-02 00:00:00+00:00,0
2023-03-03 00:00:00+00:00,3
2023-03-04 00:00:00+00:00,5
2023-03-05 00:00:00+00:00,2
2023-03-06 00:00:00+00:00,3
2023-03-07 00:00:00+00:00,21
2023-03-08 00:00:00+00:00,9
2023-03-09 00:00:00+00:00,3
2023-03-10 00:00:00+00:00,1
2023-03-11 00:00:00+00:00,2
2023-03-12 00:00:00+00:00,4
2023-03-13 00:00:00+00:00,46
2023-03-14 00:00:00+00:00,22
2023-03-15 00:00:00+00:00,11
2023-03-16 00:00:00+00:00,8
2023-03-17 00:00:00+00:00,8
2023-03-18 00:00:00+00:00,19
2023-03-19 00:00:00+00:00,2
2023-03-20 00:00:00+00:00,5
2023-03-21 00:00:00+00:00,0
2023-03-22 00:00:00+00:00,2
2023-03-23 00:00:00+00:00,7
2023-03-24 00:00:00+00:00,3
2023-03-25 00:00:00+00:00,26
2023-03-26 00:00:00+00:00,3
2023-03-27 00:00:00+00:00,4
2023-03-28 00:00:00+00:00,1
2023-03-29 00:00:00+00:00,3
2023-03-30 00:00:00+00:00,0
2023-03-31 00:00:00+00:00,2
2023-04-01 00:00:00+00:00,2
2023-04-02 00:00:00+00:00,2
2023-04-03 00:00:00+00:00,1
2023-04-04 00:00:00+00:00,2
2023-04-05 00:00:00+00:00,3
2023-04-06 00:00:00+00:00,13
2023-04-07 00:00:00+00:00,4
2023-04-08 00:00:00+00:00,2
2023-04-09 00:00:00+00:00,13
2023-04-10 00:00:00+00:00,18
2023-04-11 00:00:00+00:00,0
2023-04-12 00:00:00+00:00,39
2023-04-13 00:00:00+00:00,7
2023-04-14 00:00:00+00:00,0
2023-04-15 00:00:00+00:00,7
2023-04-16 00:00:00+00:00,5
2023-04-17 00:00:00+00:00,11
2023-04-18 00:00:00+00:00,3
2023-04-19 00:00:00+00:00,0
2023-04-20 00:00:00+00:00,108
2023-04-21 00:00:00+00:00,21
2023-04-22 00:00:00+00:00,2
2023-04-23 00:00:00+00:00,3
2023-04-24 00:00:00+00:00,0
2023-04-25 00:00:00+00:00,3
2023-04-26 00:00:00+00:00,0
2023-04-27 00:00:00+00:00,0
2023-04-28 00:00:00+00:00,2
2023-04-29 00:00:00+00:00,0
2023-04-30 00:00:00+00:00,0
2023-05-01 00:00:00+00:00,0
2023-05-02 00:00:00+00:00,2
2023-05-03 00:00:00+00:00,7
2023-05-04 00:00:00+00:00,2
2023-05-05 00:00:00+00:00,1
2023-05-06 00:00:00+00:00,2
2023-05-07 00:00:00+00:00,20
2023-05-08 00:00:00+00:00,238
2023-05-09 00:00:00+00:00,55
2023-05-10 00:00:00+00:00,81
2023-05-11 00:00:00+00:00,14
2023-05-12 00:00:00+00:00,5
2023-05-13 00:00:00+00:00,2
2023-05-14 00:00:00+00:00,3
2023-05-15 00:00:00+00:00,2
2023-05-16 00:00:00+00:00,4
2023-05-17 00:00:00+00:00,3
2023-05-18 00:00:00+00:00,1
2023-05-19 00:00:00+00:00,18
2023-05-20 00:00:00+00:00,6
2023-05-21 00:00:00+00:00,5
2023-05-22 00:00:00+00:00,12
2023-05-23 00:00:00+00:00,42
2023-05-24 00:00:00+00:00,28
2023-05-25 00:00:00+00:00,9
2023-05-26 00:00:00+00:00,48
2023-05-27 00:00:00+00:00,22
2023-05-28 00:00:00+00:00,16
2023-05-29 00:00:00+00:00,3
2023-05-30 00:00:00+00:00,7
2023-05-31 00:00:00+00:00,6
2023-06-01 00:00:00+00:00,1
2023-06-02 00:00:00+00:00,5
2023-06-03 00:00:00+00:00,4
2023-06-04 00:00:00+00:00,3
2023-06-05 00:00:00+00:00,2
2023-06-06 00:00:00+00:00,0
2023-06-07 00:00:00+00:00,381
2023-06-08 00:00:00+00:00,419
2023-06-09 00:00:00+00:00,184
2023-06-10 00:00:00+00:00,47
2023-06-11 00:00:00+00:00,17
2023-06-12 00:00:00+00:00,9
